player,first,last,name,position1
SF,San Francisco,49ers,San Francisco 49ers,DF
CHI,Chicago,Bears,Chicago Bears,DF
CIN,Cincinnati,Bengals,Cincinnati Bengals,DF
BUF,Buffalo,Bills,Buffalo Bills,DF
DEN,Denver,Broncos,Denver Broncos,DF
CLE,Cleveland,Browns,Cleveland Browns,DF
TB,Tampa Bay,Buccaneers,Tampa Bay Buccaneers,DF
ARI,Arizona,Cardinals,Arizona Cardinals,DF
LAC,Los Angeles,Chargers,Los Angeles Chargers,DF
KC,Kansas City,Chiefs,Kansas City Chiefs,DF
IND,Indianapolis,Colts,Indianapolis Colts,DF
DAL,Dallas,Cowboys,Dallas Cowboys,DF
MIA,Miami,Dolphins,Miami Dolphins,DF
PHI,Philadelphia,Eagles,Philadelphia Eagles,DF
ATL,Atlanta,Falcons,Atlanta Falcons,DF
NYG,New York,Giants,New York Giants,DF
JAC,Jacksonville,Jaguars,Jacksonville Jaguars,DF
NYJ,New York,Jets,New York Jets,DF
DET,Detroit,Lions,Detroit Lions,DF
GB,Green Bay,Packers,Green Bay Packers,DF
CAR,Carolina,Panthers,Carolina Panthers,DF
NE,New England,Patriots,New England Patriots,DF
OAK,Oakland,Raiders,Oakland Raiders,DF
LA,Los Angeles,Rams,Los Angeles Rams,DF
BAL,Baltimore,Ravens,Baltimore Ravens,DF
WAS,Washington,Redskins,Washington Redskins,DF
NO,New Orleans,Saints,New Orleans Saints,DF
SEA,Seattle,Seahawks,Seattle Seahawks,DF
PIT,Pittsburgh,Steelers,Pittsburgh Steelers,DF
HOU,Houston,Texans,Houston Texans,DF
TEN,Tennessee,Titans,Tennessee Titans,DF
MIN,Minnesota,Vikings,Minnesota Vikings,DF
MB-0020,Michael,Badgley,Michael Badgley,K
DB-0200,Dan,Bailey,Dan Bailey,K
CB-2275,Chris,Boswell,Chris Boswell,K
MB-4600,Matt,Bryant,Matt Bryant,K
RB-4650,Randy,Bullock,Randy Bullock,K
HB-0500,Harrison,Butker,Harrison Butker,K
DC-0450,Daniel,Carlson,Daniel Carlson,K
MC-3000,Mason,Crosby,Mason Crosby,K
JE-0250,Jake,Elliott,Jake Elliott,K
KF-0075,Ka'imi,Fairbairn,Ka'imi Fairbairn,K
SF-0050,Sam,Ficken,Sam Ficken,K
NF-0300,Nick,Folk,Nick Folk,K
KF-0250,Kai,Forbath,Kai Forbath,K
MG-0306,Matt,Gay,Matt Gay,K
ZG-0050,Zane,Gonzalez,Zane Gonzalez,K
SG-0800,Stephen,Gostkowski,Stephen Gostkowski,K
RG-1500,Robbie,Gould,Robbie Gould,K
SH-0400,Stephen,Hauschka,Stephen Hauschka,K
DH-3970,Dustin,Hopkins,Dustin Hopkins,K
GJ-1200,Greg,Joseph,Greg Joseph,K
YK-0100,Younghoe,Koo,Younghoe Koo,K
JL-0207,Josh,Lambo,Josh Lambo,K
TL-1062,Ty,Long,Ty Long,K
WL-0300,Wil,Lutz,Wil Lutz,K
BM-0062,Brett,Maher,Brett Maher,K
CM-2137,Chase,McLaughlin,Chase McLaughlin,K
BM-1650,Brandon,McManus,Brandon McManus,K
JM-7000,Jason,Myers,Jason Myers,K
MN-0800,Mike,Nugent,Mike Nugent,K
CP-0575,Cody,Parkey,Cody Parkey,K
EP-0512,Eddy,Pineiro,Eddy Pineiro,K
MP-2100,Matt,Prater,Matt Prater,K
AR-1450,Aldrick,Rosas,Aldrick Rosas,K
JS-0350,Jason,Sanders,Jason Sanders,K
CS-0250,Cairo,Santos,Cairo Santos,K
AS-0575,Austin,Seibert,Austin Seibert,K
JS-3825,Joey,Slye,Joey Slye,K
RS-3400,Ryan,Succop,Ryan Succop,K
JT-3950,Justin,Tucker,Justin Tucker,K
KV-0250,Kaare,Vedvik,Kaare Vedvik,K
AV-0400,Adam,Vinatieri,Adam Vinatieri,K
GZ-2000,Greg,Zuerlein,Greg Zuerlein,K
BF-0950,Brandon,Allen,Brandon Allen,QB
CN-0500,Josh,Allen,Josh Allen,QB
CH-5000,Kyle,Allen,Kyle Allen,QB
CW-2450,Matt,Barkley,Matt Barkley,QB
BA-0375,David,Blough,David Blough,QB
BW-0700,Blake,Bortles,Blake Bortles,QB
CC-4450,Tim,Boyle,Tim Boyle,QB
CH-3775,Tom,Brady,Tom Brady,QB
BP-0450,Drew,Brees,Drew Brees,QB
CM-1650,Teddy,Bridgewater,Teddy Bridgewater,QB
BP-1375,Jacoby,Brissett,Jacoby Brissett,QB
BB-2250,Derek,Carr,Derek Carr,QB
CD-0650,Kirk,Cousins,Kirk Cousins,QB
BB-2712,Andy,Dalton,Andy Dalton,QB
BS-0825,Chase,Daniel,Chase Daniel,QB
CM-1225,Sam,Darnold,Sam Darnold,QB
CP-2550,Jeff,Driskel,Jeff Driskel,QB
CW-3250,Luke,Falk,Luke Falk,QB
CM-2675,Ryan,Finley,Ryan Finley,QB
CT-1220,Ryan,Fitzpatrick,Ryan Fitzpatrick,QB
CR-0862,Joe,Flacco,Joe Flacco,QB
CC-3950,Nick,Foles,Nick Foles,QB
CU-0150,Jimmy,Garoppolo,Jimmy Garoppolo,QB
BA-0850,Garrett,Gilbert,Garrett Gilbert,QB
CR-1525,Mike,Glennon,Mike Glennon,QB
CB-1750,Jared,Goff,Jared Goff,QB
CJ-2300,Will,Grier,Will Grier,QB
CL-0125,Robert,Griffin,Robert Griffin,QB
CB-1650,Ryan,Griffin,Ryan Griffin,QB
BK-0700,Dwayne,Haskins,Dwayne Haskins,QB
CW-0225,Taysom,Hill,Taysom Hill,QB
BB-1950,Devlin,Hodges,Devlin Hodges,QB
BP-1200,Brian,Hoyer,Brian Hoyer,QB
BS-2950,Brett,Hundley,Brett Hundley,QB
CK-0250,Lamar,Jackson,Lamar Jackson,QB
BC-2325,Daniel,Jones,Daniel Jones,QB
BJ-0950,Case,Keenum,Case Keenum,QB
BH-2300,Drew,Lock,Drew Lock,QB
CH-2950,Patrick,Mahomes,Patrick Mahomes,QB
BH-1225,Eli,Manning,Eli Manning,QB
CW-2150,Sean,Mannion,Sean Mannion,QB
CC-0775,Marcus,Mariota,Marcus Mariota,QB
BK-1050,Baker,Mayfield,Baker Mayfield,QB
AE-0550,A.J.,McCarron,A.J. McCarron,QB
CS-1925,Josh,McCown,Josh McCown,QB
BW-2475,Colt,McCoy,Colt McCoy,QB
CL-0275,Trace,McSorley,Trace McSorley,QB
BH-1900,Gardner,Minshew,Gardner Minshew,QB
CC-2100,Matt,Moore,Matt Moore,QB
CG-1425,Nick,Mullens,Nick Mullens,QB
CW-1425,Kyler,Murray,Kyler Murray,QB
BB-1550,Cam,Newton,Cam Newton,QB
BS-1450,Dak,Prescott,Dak Prescott,QB
CH-3350,Philip,Rivers,Philip Rivers,QB
AH-3650,Aaron,Rodgers,Aaron Rodgers,QB
BR-1100,Ben,Roethlisberger,Ben Roethlisberger,QB
CB-2775,Josh,Rosen,Josh Rosen,QB
CB-1152,Mason,Rudolph,Mason Rudolph,QB
CJ-2075,Matt,Ryan,Matt Ryan,QB
CD-0300,Matt,Schaub,Matt Schaub,QB
CW-0050,Trevor,Siemian,Trevor Siemian,QB
CE-0175,Matthew,Stafford,Matthew Stafford,QB
CH-0525,Jarrett,Stidham,Jarrett Stidham,QB
CK-0825,Ryan,Tannehill,Ryan Tannehill,QB
BM-0650,Alex,Tanney,Alex Tanney,QB
CB-1130,Tyrod,Taylor,Tyrod Taylor,QB
CC-0750,Mitchell,Trubisky,Mitchell Trubisky,QB
BZ-0100,Deshaun,Watson,Deshaun Watson,QB
BB-2425,Carson,Wentz,Carson Wentz,QB
CM-0175,Russell,Wilson,Russell Wilson,QB
CA-0750,Jameis,Winston,Jameis Winston,QB
CG-1015,Ameer,Abdullah,Ameer Abdullah,RB
DF-2200,Josh,Adams,Josh Adams,RB
DB-5912,Jay,Ajayi,Jay Ajayi,RB
DY-0075,Javorius,Allen,Javorius Allen,RB
DP-2037,C.J.,Anderson,C.J. Anderson,RB
CB-1975,Alex,Armah,Alex Armah,RB
GW-0250,Ryquell,Armstead,Ryquell Armstead,RB
DF-1875,Kalen,Ballage,Kalen Ballage,RB
GB-0750,Peyton,Barber,Peyton Barber,RB
GO-0150,Saquon,Barkley,Saquon Barkley,RB
DD-0687,Kenjon,Barner,Kenjon Barner,RB
ET-0375,Nick,Bawden,Nick Bawden,RB
CS-0050,Andrew,Beck,Andrew Beck,RB
DB-3800,Le'Veon,Bell,Le'Veon Bell,RB
EH-0175,Nick,Bellore,Nick Bellore,RB
DW-1350,Giovani,Bernard,Giovani Bernard,RB
DM-2775,Khari,Blasingame,Khari Blasingame,RB
DS-0875,Brandon,Bolden,Brandon Bolden,RB
GE-0400,Reggie,Bonnafon,Reggie Bonnafon,RB
DM-2787,Devontae,Booker,Devontae Booker,RB
EM-0200,Mike,Boone,Mike Boone,RB
DW-1550,Matt,Breida,Matt Breida,RB
IM-0125,Tony,Brooks-James,Tony Brooks-James,RB
DJ-1850,Malcolm,Brown,Malcolm Brown,RB
GD-0050,Rex,Burkhead,Rex Burkhead,RB
EP-0350,Mike,Burton,Mike Burton,RB
JA-1975,Trenton,Cannon,Trenton Cannon,RB
DH-1362,Chris,Carson,Chris Carson,RB
IS-0250,Tra,Carson,Tra Carson,RB
EE-0400,Nick,Chubb,Nick Chubb,RB
DR-0550,Corey,Clement,Corey Clement,RB
IS-0275,Tarik,Cohen,Tarik Cohen,RB
IN-0050,Tevin,Coleman,Tevin Coleman,RB
DH-1450,James,Conner,James Conner,RB
DC-4275,Dalvin,Cook,Dalvin Cook,RB
ES-0200,Mike,Davis,Mike Davis,RB
DB-4387,Dalyn,Dawkins,Dalyn Dawkins,RB
DK-0430,James,Develin,James Develin,RB
FM-0675,Patrick,DiMarco,Patrick DiMarco,RB
DL-1700,Kenyan,Drake,Kenyan Drake,RB
DD-0681,Chase,Edmonds,Chase Edmonds,RB
JH-5150,Trey,Edmunds,Trey Edmunds,RB
DW-2275,Gus,Edwards,Gus Edwards,RB
DF-1375,Austin,Ekeler,Austin Ekeler,RB
DC-1050,Ezekiel,Elliott,Ezekiel Elliott,RB
JB-5725,Tyler,Ervin,Tyler Ervin,RB
DS-2177,Josh,Ferguson,Josh Ferguson,RB
DA-1650,D.J.,Foster,D.J. Foster,RB
DL-1787,Leonard,Fournette,Leonard Fournette,RB
DL-1825,Devonta,Freeman,Devonta Freeman,RB
GD-0450,Royce,Freeman,Royce Freeman,RB
JG-2687,Wayne,Gallman,Wayne Gallman,RB
ES-0250,Myles,Gaskin,Myles Gaskin,RB
DW-3987,Cullen,Gillaspia,Cullen Gillaspia,RB
ER-0250,Melvin,Gordon,Melvin Gordon,RB
DH-3950,Frank,Gore,Frank Gore,RB
DA-0212,Derrius,Guice,Derrius Guice,RB
IF-0175,Todd,Gurley,Todd Gurley,RB
DG-1287,C.J.,Ham,C.J. Ham,RB
DJ-2275,Damien,Harris,Damien Harris,RB
DS-2275,Darrell,Henderson,Darrell Henderson,RB
DT-1231,Derrick,Henry,Derrick Henry,RB
DH-1050,Brian,Hill,Brian Hill,RB
DO-0600,Justice,Hill,Justice Hill,RB
DQ-0100,Dontrell,Hilliard,Dontrell Hilliard,RB
DH-2450,Jonathan,Hilliman,Jonathan Hilliman,RB
JK-2250,Wes,Hills,Wes Hills,RB
EE-0250,Nyheim,Hines,Nyheim Hines,RB
JM-3475,Travis,Homer,Travis Homer,RB
DJ-0200,Jordan,Howard,Jordan Howard,RB
DW-2350,Gregory,Howell,Gregory Howell,RB
DB-2950,Kareem,Hunt,Kareem Hunt,RB
DC-3550,Carlos,Hyde,Carlos Hyde,RB
CP-0750,Alec,Ingold,Alec Ingold,RB
DS-3137,Mark,Ingram,Mark Ingram,RB
DH-3450,Justin,Jackson,Justin Jackson,RB
DS-3031,Josh,Jacobs,Josh Jacobs,RB
CG-2162,Andy,Janovich,Andy Janovich,RB
DV-0550,D'Ernest,Johnson,D'Ernest Johnson,RB
DH-2325,David,Johnson,David Johnson,RB
DK-0950,Duke,Johnson,Duke Johnson,RB
DW-0500,Jakob,Johnson,Jakob Johnson,RB
DS-3187,Kerryon,Johnson,Kerryon Johnson,RB
JD-2550,Ty,Johnson,Ty Johnson,RB
CM-1500,Aaron,Jones,Aaron Jones,RB
GB-0350,Ronald,Jones,Ronald Jones,RB
IT-0150,Taiwan,Jones,Taiwan Jones,RB
DH-3137,Kyle,Juszczyk,Kyle Juszczyk,RB
CS-4462,Alvin,Kamara,Alvin Kamara,RB
DW-1750,John,Kelly,John Kelly,RB
FG-0200,Patrick,Laird,Patrick Laird,RB
DN-1225,Dion,Lewis,Dion Lewis,RB
GC-0350,Phillip,Lindsay,Phillip Lindsay,RB
JG-2950,Zach,Line,Zach Line,RB
HH-0225,T.J.,Logan,T.J. Logan,RB
DH-1912,Marshawn,Lynch,Marshawn Lynch,RB
DH-1800,Marlon,Mack,Marlon Mack,RB
CC-2350,Alexander,Mattison,Alexander Mattison,RB
DB-6375,Christian,McCaffrey,Christian McCaffrey,RB
GK-0075,Ray-Ray,McCloud,Ray-Ray McCloud,RB
DS-0050,LeSean,McCoy,LeSean McCoy,RB
HH-0237,Sony,Michel,Sony Michel,RB
DC-0775,Joe,Mixon,Joe Mixon,RB
DF-0550,David,Montgomery,David Montgomery,RB
JH-4850,Ty,Montgomery,Ty Montgomery,RB
CD-0975,Alfred,Morris,Alfred Morris,RB
GS-1400,Raheem,Mostert,Raheem Mostert,RB
DI-0075,Latavius,Murray,Latavius Murray,RB
GO-0100,Ryan,Nall,Ryan Nall,RB
GT-0100,Roosevelt,Nix,Roosevelt Nix,RB
DO-0025,Dare,Ogunbowale,Dare Ogunbowale,RB
DL-0112,Jamize,Olawale,Jamize Olawale,RB
GG-0310,Qadree,Ollison,Qadree Ollison,RB
GA-0250,Ricky,Ortiz,Ricky Ortiz,RB
DJ-1325,Devine,Ozigbo,Devine Ozigbo,RB
DT-1992,Elijhaa,Penny,Elijhaa Penny,RB
GF-0025,Rashaad,Penny,Rashaad Penny,RB
GH-1162,Samaje,Perine,Samaje Perine,RB
GM-1350,Paul,Perkins,Paul Perkins,RB
GE-0150,Senorise,Perry,Senorise Perry,RB
CK-1300,Adrian,Peterson,Adrian Peterson,RB
IH-0200,Tony,Pollard,Tony Pollard,RB
JS-6325,Troymaine,Pope,Troymaine Pope,RB
DM-2275,Bilal,Powell,Bilal Powell,RB
DS-0850,C.J.,Prosise,C.J. Prosise,RB
FB-0750,Patrick,Ricard,Patrick Ricard,RB
DR-2225,Jalen,Richard,Jalen Richard,RB
DH-1487,Jaylen,Samuels,Jaylen Samuels,RB
EE-0050,Miles,Sanders,Miles Sanders,RB
DJ-0887,Bo,Scarbrough,Bo Scarbrough,RB
DW-1725,Jordan,Scarlett,Jordan Scarlett,RB
DW-2850,Boston,Scott,Boston Scott,RB
DC-1418,Anthony,Sherman,Anthony Sherman,RB
DB-2750,Devin,Singletary,Devin Singletary,RB
JE-0250,Wendell,Smallwood,Wendell Smallwood,RB
DS-0150,Ito,Smith,Ito Smith,RB
DW-3906,Keith,Smith,Keith Smith,RB
DM-2850,Benny,Snell Jr.,Benny Snell Jr.,RB
DW-3243,Darren,Sproles,Darren Sproles,RB
DW-3125,Chris,Thompson,Chris Thompson,RB
DD-0075,Darwin,Thompson,Darwin Thompson,RB
DS-3300,De'Lance,Turner,De'Lance Turner,RB
DP-1263,Dan,Vitale,Dan Vitale,RB
DC-3200,Mark,Walton,Mark Walton,RB
HH-0350,Spencer,Ware,Spencer Ware,RB
DW-0675,DeAndre,Washington,DeAndre Washington,RB
DT-0850,Dwayne,Washington,Dwayne Washington,RB
DS-1862,Derek,Watt,Derek Watt,RB
JN-0625,Trevon,Wesco,Trevon Wesco,RB
DC-0025,James,White,James White,RB
DJ-1675,Kerrith,Whyte Jr.,Kerrith Whyte Jr.,RB
DP-0350,Jordan,Wilkins,Jordan Wilkins,RB
DA-0900,Damien,Williams,Damien Williams,RB
DJ-0850,Darrel,Williams,Darrel Williams,RB
DM-3050,Dexter,Williams,Dexter Williams,RB
DT-0900,Jamaal,Williams,Jamaal Williams,RB
DG-3200,Jonathan,Williams,Jonathan Williams,RB
DC-0725,Jeff,Wilson,Jeff Wilson,RB
HR-0062,T.J.,Yeldon,T.J. Yeldon,RB
JJ-2518,Zach,Zenner,Zach Zenner,RB
JH-4070,Jordan,Akins,Jordan Akins,TE
KM-1137,Mo,Alie-Cox,Mo Alie-Cox,TE
JR-1550,Mark,Andrews,Mark Andrews,TE
JL-0215,Dan,Arnold,Dan Arnold,TE
JG-4200,Antony,Auclair,Antony Auclair,TE
JC-4075,Blake,Bell,Blake Bell,TE
KR-0312,Nick,Boyle,Nick Boyle,TE
JW-0934,Cameron,Brate,Cameron Brate,TE
JW-3650,Ben,Braunecker,Ben Braunecker,TE
JM-5750,Daniel,Brown,Daniel Brown,TE
KJ-0537,Pharaoh,Brown,Pharaoh Brown,TE
KA-0737,Trey,Burton,Trey Burton,TE
KB-2850,Stephen,Carlson,Stephen Carlson,TE
JD-2850,Derek,Carrier,Derek Carrier,TE
JW-2550,Cethan,Carter,Cethan Carter,TE
JG-2900,Garrett,Celek,Garrett Celek,TE
JC-5680,Charles,Clay,Charles Clay,TE
KR-1200,Tyler,Conklin,Tyler Conklin,TE
JH-5575,Jared,Cook,Jared Cook,TE
KW-0922,Sean,Culkin,Sean Culkin,TE
JS-0350,Darrell,Daniels,Darrell Daniels,TE
LM-1850,Vernon,Davis,Vernon Davis,TE
KJ-0587,Seth,DeValve,Seth DeValve,TE
LS-1550,Will,Dissly,Will Dissly,TE
JW-4625,Jack,Doyle,Jack Doyle,TE
KB-1625,Ross,Dwelley,Ross Dwelley,TE
JW-4975,Eric,Ebron,Eric Ebron,TE
KM-3500,Tyler,Eifert,Tyler Eifert,TE
KS-1450,Rhett,Ellison,Rhett Ellison,TE
JJ-0725,Evan,Engram,Evan Engram,TE
LM-1000,Zach,Ertz,Zach Ertz,TE
JB-6950,Gerald,Everett,Gerald Everett,TE
KD-1456,Noah,Fant,Noah Fant,TE
JV-0050,Darren,Fells,Darren Fells,TE
JS-1350,Anthony,Firkser,Anthony Firkser,TE
KJ-1400,Troy,Fumagalli,Troy Fumagalli,TE
LT-0550,Zach,Gentry,Zach Gentry,TE
KS-1375,Mike,Gesicki,Mike Gesicki,TE
JB-6750,Dallas,Goedert,Dallas Goedert,TE
JA-0462,Jaeden,Graham,Jaeden Graham,TE
JB-2950,Jimmy,Graham,Jimmy Graham,TE
LB-0250,Virgil,Green,Virgil Green,TE
KG-0650,Ryan,Griffin,Ryan Griffin,TE
LF-0650,Xavier,Grimble,Xavier Grimble,TE
JM-4175,Demetrius,Harris,Demetrius Harris,TE
JU-0400,Hunter,Henry,Hunter Henry,TE
JK-0775,Hale,Hentges,Hale Hentges,TE
JC-4300,Chris,Herndon,Chris Herndon,TE
JT-1775,Jeff,Heuerman,Jeff Heuerman,TE
LJ-0150,Tyler,Higbee,Tyler Higbee,TE
JM-2900,Josh,Hill,Josh Hill,TE
KH-2025,T.J.,Hockenson,T.J. Hockenson,TE
JS-4550,Jacob,Hollister,Jacob Hollister,TE
JN-0350,J.P.,Holtz,J.P. Holtz,TE
JR-2075,Austin,Hooper,Austin Hooper,TE
JA-0275,Jesper,Horsted,Jesper Horsted,TE
KA-0650,O.J.,Howard,O.J. Howard,TE
KB-1225,Tanner,Hudson,Tanner Hudson,TE
JR-3280,Hayden,Hurst,Hayden Hurst,TE
KS-2350,Ryan,Izzo,Ryan Izzo,TE
JA-1087,Jesse,James,Jesse James,TE
JD-1650,Blake,Jarwin,Blake Jarwin,TE
JO-0550,Charles,Jones,Charles Jones,TE
KH-2075,Travis,Kelce,Travis Kelce,TE
JS-4750,Lance,Kendricks,Lance Kendricks,TE
JM-5275,George,Kittle,George Kittle,TE
JA-1025,Dawson,Knox,Dawson Knox,TE
JA-0425,Ben,Koyack,Ben Koyack,TE
LK-0200,Tyler,Kroft,Tyler Kroft,TE
JW-1050,Matt,LaCosse,Matt LaCosse,TE
JJ-0575,Marcedes,Lewis,Marcedes Lewis,TE
JG-1850,Chris,Manhertz,Chris Manhertz,TE
LF-0200,Vance,McDonald,Vance McDonald,TE
JG-0650,Foster,Moreau,Foster Moreau,TE
JF-1250,Johnny,Mundt,Johnny Mundt,TE
JM-6775,Isaac,Nauta,Isaac Nauta,TE
JW-5475,David,Njoku,David Njoku,TE
KH-2850,Nick,O'Leary,Nick O'Leary,TE
JB-3275,James,O'Shaughnessy,James O'Shaughnessy,TE
JO-0562,Josh,Oliver,Josh Oliver,TE
JF-3037,Greg,Olsen,Greg Olsen,TE
JP-2075,Josh,Perkins,Josh Perkins,TE
KB-0150,MyCole,Pruitt,MyCole Pruitt,TE
JR-3250,Kyle,Rudolph,Kyle Rudolph,TE
JH-3625,Drew,Sample,Drew Sample,TE
JS-5475,Eric,Saubert,Eric Saubert,TE
JS-6787,Dalton,Schultz,Dalton Schultz,TE
KC-2375,Ricky,Seals-Jones,Ricky Seals-Jones,TE
JM-4162,Adam,Shaheen,Adam Shaheen,TE
KD-1462,Scott,Simonson,Scott Simonson,TE
JG-2450,Jonnu,Smith,Jonnu Smith,TE
JR-1950,Kaden,Smith,Kaden Smith,TE
JE-0100,Lee,Smith,Lee Smith,TE
JH-5125,Irv,Smith Jr.,Irv Smith Jr.,TE
JS-4212,Durham,Smythe,Durham Smythe,TE
JW-3325,Jeremy,Sprinkle,Jeremy Sprinkle,TE
JH-4250,Jace,Sternberger,Jace Sternberger,TE
JH-1150,Luke,Stocker,Luke Stocker,TE
JF-1900,Geoff,Swaim,Geoff Swaim,TE
KC-2350,Tommy,Sweeney,Tommy Sweeney,TE
LT-0862,Tyrone,Swoopes,Tyrone Swoopes,TE
JH-3230,Ian,Thomas,Ian Thomas,TE
JJ-0587,Jordan,Thomas,Jordan Thomas,TE
JH-4085,Logan,Thomas,Logan Thomas,TE
JJ-4700,Levine,Toilolo,Levine Toilolo,TE
JH-5350,Eric,Tomlinson,Eric Tomlinson,TE
KH-0525,Robert,Tonyan Jr.,Robert Tonyan Jr.,TE
KB-0350,Ross,Travis,Ross Travis,TE
JO-0150,C.J.,Uzomah,C.J. Uzomah,TE
JM-1550,Jason,Vander Laan,Jason Vander Laan,TE
KC-1550,Nick,Vannett,Nick Vannett,TE
JW-6560,Clive,Walford,Clive Walford,TE
JA-0450,Delanie,Walker,Delanie Walker,TE
JW-6000,Darren,Waller,Darren Waller,TE
JW-5650,Benjamin,Watson,Benjamin Watson,TE
JW-5637,Maxx,Williams,Maxx Williams,TE
JH-1350,Luke,Willson,Luke Willson,TE
JS-0825,Jason,Witten,Jason Witten,TE
JS-0280,Deon,Yelder,Deon Yelder,TE
NO-0150,Davante,Adams,Davante Adams,WR
TJ-2650,Nelson,Agholor,Nelson Agholor,WR
SB-0212,Keenan,Allen,Keenan Allen,WR
QN-0075,Geronimo,Allison,Geronimo Allison,WR
NB-0200,Danny,Amendola,Danny Amendola,WR
TW-1325,Robby,Anderson,Robby Anderson,WR
RE-0400,J.J.,Arcega-Whiteside,J.J. Arcega-Whiteside,WR
SS-1250,Marcell,Ateman,Marcell Ateman,WR
TT-0500,Tavon,Austin,Tavon Austin,WR
MD-0150,Cole,Beasley,Cole Beasley,WR
TP-0675,Odell,Beckham Jr.,Odell Beckham Jr.,WR
MS-0200,Chad,Beebe,Chad Beebe,WR
RG-1650,Josh,Bellamy,Josh Bellamy,WR
VS-0175,Travis,Benjamin,Travis Benjamin,WR
MR-2350,Braxton,Berrios,Braxton Berrios,WR
MG-0175,Christian,Blake,Christian Blake,WR
MH-0050,C.J.,Board,C.J. Board,WR
SM-0425,Kendrick,Bourne,Kendrick Bourne,WR
WG-0750,Tyler,Boyd,Tyler Boyd,WR
TB-2650,Miles,Boykin,Miles Boykin,WR
LH-1950,A.J.,Brown,A.J. Brown,WR
MW-0650,Antonio,Brown,Antonio Brown,WR
PW-1150,Fred,Brown,Fred Brown,WR
RT-1250,Jaron,Brown,Jaron Brown,WR
RF-1400,John,Brown,John Brown,WR
TJ-2350,Marquise,Brown,Marquise Brown,WR
ZE-0100,Ventell,Bryant,Ventell Bryant,WR
PD-0700,Deontay,Burnett,Deontay Burnett,WR
NH-0825,Damiere,Byrd,Damiere Byrd,WR
PC-0050,Deon,Cain,Deon Cain,WR
MM-0050,Antonio,Callaway,Antonio Callaway,WR
TS-3656,Parris,Campbell,Parris Campbell,WR
MB-4075,Austin,Carr,Austin Carr,WR
NF-0175,DeAndre,Carter,DeAndre Carter,WR
MS-0125,D.J.,Chark,D.J. Chark,WR
TF-1450,Randall,Cobb,Randall Cobb,WR
SP-0825,Keelan,Cole,Keelan Cole,WR
MW-2450,Chris,Conley,Chris Conley,WR
MH-0225,Brandin,Cooks,Brandin Cooks,WR
MA-1287,Amari,Cooper,Amari Cooper,WR
TP-1650,Pharoh,Cooper,Pharoh Cooper,WR
MW-0350,Cody,Core,Cody Core,WR
SS-1525,Keke,Coutee,Keke Coutee,WR
TH-2875,Michael,Crabtree,Michael Crabtree,WR
RF-1075,Jamison,Crowder,Jamison Crowder,WR
MG-0850,Corey,Davis,Corey Davis,WR
QO-0200,Geremy,Davis,Geremy Davis,WR
TH-2337,Rashard,Davis,Rashard Davis,WR
TD-0737,Robert,Davis,Robert Davis,WR
WD-0550,Trevor,Davis,Trevor Davis,WR
TE-0300,Stefon,Diggs,Stefon Diggs,WR
TC-0450,Phillip,Dorsett,Phillip Dorsett,WR
RM-5050,Greg,Dortch,Greg Dortch,WR
SW-0450,Keelan,Doss,Keelan Doss,WR
ML-0650,Ashton,Dulin,Ashton Dulin,WR
RN-0025,Julian,Edelman,Julian Edelman,WR
TB-1060,Quincy,Enunwa,Quincy Enunwa,WR
LS-1900,Alex,Erickson,Alex Erickson,WR
TH-1625,Mike,Evans,Mike Evans,WR
SW-0350,Larry,Fitzgerald,Larry Fitzgerald,WR
RH-1950,Isaiah,Ford,Isaiah Ford,WR
TS-1450,Robert,Foster,Robert Foster,WR
MG-1050,Bennie,Fowler,Bennie Fowler,WR
WG-0050,Travis,Fulgham,Travis Fulgham,WR
ZL-0200,Will,Fuller,Will Fuller,WR
PP-0350,Devin,Funchess,Devin Funchess,WR
TS-3662,Taylor,Gabriel,Taylor Gabriel,WR
TS-1425,Rico,Gafford,Rico Gafford,WR
TE-0025,Russell,Gage,Russell Gage,WR
TC-1975,Michael,Gallup,Michael Gallup,WR
VB-0325,Ted,Ginn,Ted Ginn,WR
MH-0875,Chris,Godwin,Chris Godwin,WR
SP-0850,Kenny,Golladay,Kenny Golladay,WR
TL-1037,Marquise,Goodwin,Marquise Goodwin,WR
RG-1870,Josh,Gordon,Josh Gordon,WR
RS-0687,Jakeem,Grant,Jakeem Grant,WR
TF-1500,Ryan,Grant,Ryan Grant,WR
MB-3325,Cyril,Grayson,Cyril Grayson,WR
RA-1125,Jalen,Guyton,Jalen Guyton,WR
TY-0150,Marvin,Hall,Marvin Hall,WR
MG-0293,DaeSean,Hamilton,DaeSean Hamilton,WR
TS-1262,Mecole,Hardman,Mecole Hardman,WR
RT-0150,Justin,Hardy,Justin Hardy,WR
SC-1850,Kelvin,Harmon,Kelvin Harmon,WR
PL-0012,Deonte,Harris,Deonte Harris,WR
PD-0800,Dwayne,Harris,Dwayne Harris,WR
TC-2050,N'Keal,Harry,N'Keal Harry,WR
TK-0150,Rashard,Higgins,Rashard Higgins,WR
WT-0075,Tyreek,Hill,Tyreek Hill,WR
TH-1750,T.Y.,Hilton,T.Y. Hilton,WR
SR-0750,Khadarel,Hodge,Khadarel Hodge,WR
MG-1150,Chris,Hogan,Chris Hogan,WR
SM-2625,Krishawn,Hogan,Krishawn Hogan,WR
LW-1450,Alexander,Hollins,Alexander Hollins,WR
SD-0537,Mack,Hollins,Mack Hollins,WR
MB-2950,Cody,Hollister,Cody Hollister,WR
RW-3850,Johnny,Holton,Johnny Holton,WR
NW-0325,DeAndre,Hopkins,DeAndre Hopkins,WR
SM-3250,Lil'Jordan,Humphrey,Lil'Jordan Humphrey,WR
LC-0875,Adam,Humphries,Adam Humphries,WR
MH-3050,Allen,Hurns,Allen Hurns,WR
RB-2350,Ishmael,Hyman,Ishmael Hyman,WR
PR-0300,Dontrelle,Inman,Dontrelle Inman,WR
MA-1050,Andy,Isabella,Andy Isabella,WR
PM-0025,DeSean,Jackson,DeSean Jackson,WR
TS-2425,Richie,James,Richie James,WR
ML-1500,Alshon,Jeffery,Alshon Jeffery,WR
NC-0175,Darius,Jennings,Darius Jennings,WR
PB-0125,Diontae,Johnson,Diontae Johnson,WR
SM-2653,KeeSean,Johnson,KeeSean Johnson,WR
SM-2825,Marcus,Johnson,Marcus Johnson,WR
TG-1950,Olabisi,Johnson,Olabisi Johnson,WR
RS-3525,Julio,Jones,Julio Jones,WR
TH-1850,Marvin,Jones,Marvin Jones,WR
TL-1025,T.J.,Jones,T.J. Jones,WR
VG-0300,Tevin,Jones,Tevin Jones,WR
ZJ-0100,Zay,Jones,Zay Jones,WR
MP-0050,Christian,Kirk,Christian Kirk,WR
RO-0550,Jake,Kumerow,Jake Kumerow,WR
ME-0600,Cooper,Kupp,Cooper Kupp,WR
MC-2900,Chris,Lacy,Chris Lacy,WR
RW-4050,Jarvis,Landry,Jarvis Landry,WR
MB-5175,Cody,Latimer,Cody Latimer,WR
MB-3862,Allen,Lazard,Allen Lazard,WR
SS-1537,Marqise,Lee,Marqise Lee,WR
WS-0925,Tyler,Lockett,Tyler Lockett,WR
RF-0500,Jordan,Matthews,Jordan Matthews,WR
MT-0875,Codey,McElroy,Codey McElroy,WR
RM-2050,Isaiah,McKenzie,Isaiah McKenzie,WR
RB-4670,J.D.,McKissic,J.D. McKissic,WR
VD-0100,Terry,McLaurin,Terry McLaurin,WR
MA-0487,D.K.,Metcalf,D.K. Metcalf,WR
RG-0012,Jakobi,Meyers,Jakobi Meyers,WR
RD-2300,Jaydon,Mickens,Jaydon Mickens,WR
MI-0100,Anthony,Miller,Anthony Miller,WR
TM-3150,Scott,Miller,Scott Miller,WR
TH-1550,Steven,Mitchell,Steven Mitchell,WR
PC-0625,Donte,Moncrief,Donte Moncrief,WR
MD-0187,Chris,Moore,Chris Moore,WR
MT-1800,D.J.,Moore,D.J. Moore,WR
NS-0303,David,Moore,David Moore,WR
RJ-2250,Jason,Moore,Jason Moore,WR
TC-2375,Stanley,Morgan Jr.,Stanley Morgan Jr.,WR
RF-0450,JoJo,Natson,JoJo Natson,WR
RJ-0450,J.J.,Nelson,J.J. Nelson,WR
RP-0550,Gunner,Olszewski,Gunner Olszewski,WR
PR-0125,DeVante,Parker,DeVante Parker,WR
ZZ-0100,Zach,Pascal,Zach Pascal,WR
VV-0200,Tim,Patrick,Tim Patrick,WR
MG-0325,Cordarrelle,Patterson,Cordarrelle Patterson,WR
MJ-1450,Andre,Patton,Andre Patton,WR
MB-0450,Breshad,Perriman,Breshad Perriman,WR
NB-0450,Dante,Pettis,Dante Pettis,WR
MB-3537,Byron,Pringle,Byron Pringle,WR
WF-0300,Trey,Quinn,Trey Quinn,WR
NA-0050,Damion,Ratley,Damion Ratley,WR
SK-0600,Kalif,Raymond,Kalif Raymond,WR
RD-0150,Hunter,Renfrow,Hunter Renfrow,WR
RG-1885,Josh,Reynolds,Josh Reynolds,WR
TB-2775,Paul,Richardson,Paul Richardson,WR
ML-0050,Calvin,Ridley,Calvin Ridley,WR
TC-0325,Riley,Ridley,Riley Ridley,WR
MM-0912,Andre,Roberts,Andre Roberts,WR
TS-0150,Seth,Roberts,Seth Roberts,WR
MT-2350,Allen,Robinson,Allen Robinson,WR
OJ-0050,Demarcus,Robinson,Demarcus Robinson,WR
MS-4100,Chester,Rogers,Chester Rogers,WR
RG-0025,John,Ross,John Ross,WR
MW-2825,Curtis,Samuel,Curtis Samuel,WR
OB-0075,Deebo,Samuel,Deebo Samuel,WR
PL-0275,Emmanuel,Sanders,Emmanuel Sanders,WR
TM-2275,Mohamed,Sanu,Mohamed Sanu,WR
TB-2075,Spencer,Schnell,Spencer Schnell,WR
MP-2350,Da'Mari,Scott,Da'Mari Scott,WR
RR-0650,Jaleel,Scott,Jaleel Scott,WR
TW-2875,Tajae,Sharpe,Tajae Sharpe,WR
TQ-0100,Russell,Shepard,Russell Shepard,WR
TE-0350,Sterling,Shepard,Sterling Shepard,WR
NM-0687,Darrius,Shepherd,Darrius Shepherd,WR
WH-0762,Trent,Sherfield,Trent Sherfield,WR
MM-4700,Cam,Sims,Cam Sims,WR
TK-0850,Steven,Sims Jr.,Steven Sims Jr.,WR
TJ-2400,Matthew,Slater,Matthew Slater,WR
NF-0250,Darius,Slayton,Darius Slayton,WR
PR-0150,Devin,Smith,Devin Smith,WR
RT-1550,Jeff,Smith,Jeff Smith,WR
WS-0650,Tre'Quan,Smith,Tre'Quan Smith,WR
ZG-0012,Vyncint,Smith,Vyncint Smith,WR
RI-0500,Juju,Smith-Schuster,Juju Smith-Schuster,WR
ZP-0050,Willie,Snead,Willie Snead,WR
PB-0725,Diontae,Spencer,Diontae Spencer,WR
SD-0534,Kenny,Stills,Kenny Stills,WR
MT-0887,Courtland,Sutton,Courtland Sutton,WR
TP-1950,Ryan,Switzer,Ryan Switzer,WR
MV-0012,Auden,Tate,Auden Tate,WR
QE-0100,Golden,Tate,Golden Tate,WR
VM-0250,Taywan,Taylor,Taywan Taylor,WR
LT-0275,Adam,Thielen,Adam Thielen,WR
NV-0050,De'Anthony,Thomas,De'Anthony Thomas,WR
OZ-0100,Demaryius,Thomas,Demaryius Thomas,WR
TA-1050,Michael,Thomas,Michael Thomas,WR
TT-0150,Mike,Thomas,Mike Thomas,WR
SS-0650,Laquon,Treadwell,Laquon Treadwell,WR
SC-0175,Malik,Turner,Malik Turner,WR
RS-0975,John,Ursua,John Ursua,WR
TH-1875,Marquez,Valdes-Scantling,Marquez Valdes-Scantling,WR
TG-0025,Michael,Walker,Michael Walker,WR
RC-1500,Greg,Ward Jr.,Greg Ward Jr.,WR
RD-0450,James,Washington,James Washington,WR
TJ-2275,Sammy,Watkins,Sammy Watkins,WR
RA-1337,Justin,Watson,Justin Watson,WR
TB-2093,Nsimba,Webster,Nsimba Webster,WR
OH-0250,Dede,Westbrook,Dede Westbrook,WR
NH-1237,DeAndrew,White,DeAndrew White,WR
MS-2100,Chad,Williams,Chad Williams,WR
MS-0150,D'haquille,Williams,D'haquille Williams,WR
TG-0900,Mike,Williams,Mike Williams,WR
TM-2362,Preston,Williams,Preston Williams,WR
XG-0100,Tyrell,Williams,Tyrell Williams,WR
NB-0125,Damion,Willis,Damion Willis,WR
LF-0025,Albert,Wilson,Albert Wilson,WR
ML-2500,Bobo,Wilson,Bobo Wilson,WR
MR-2500,Cedrick,Wilson,Cedrick Wilson,WR
RN-1250,Javon,Wims,Javon Wims,WR
SD-0175,Juwann,Winfree,Juwann Winfree,WR
TB-3950,Robert,Woods,Robert Woods,WR
RG-1850,Jarius,Wright,Jarius Wright,WR
TB-2300,Olamide,Zaccheaus,Olamide Zaccheaus,WR
MJ-2250,Brandon,Zylstra,Brandon Zylstra,WR